Question,Answer 1,Answer 2,Answer 3,Answer 4,Time limit,Correct
What does a treatment pathway analysis primarily show?,Causal effects of treatments,Sequences of treatments recorded over time,Comparative effectiveness of drugs,Safety signals,20,2
"In this session's example, what is the target cohort?",People who start riluzole,People with a motor neuron disease diagnosis,Everyone in the CDM,People with an ALSFRS-R score,20,2
"In the ATLAS sunburst plot, what does the size of an arc represent?",Duration of treatment,Strength of evidence,Number or share of patients on that path,Clinical effectiveness,20,3
"In ATLAS Cohort Pathways, what defines the steps in a pathway?",Concept sets,Event cohorts,Drug ingredients,Visit types,20,2
Which setting decides whether events that start close together are shown as a combination?,Minimum cell count,Combination window,Maximum path length,Allow repeats,20,2
Why should exact percentages in pathway results be interpreted cautiously?,They are randomly generated,They vary by database and design choices,ATLAS rounds numbers,They only apply to claims data,20,2
Treatment pathway analysis should NOT be used to:,Understand treatment sequencing,Explore utilization patterns,Generate hypotheses,Draw causal conclusions about effectiveness,20,4
Where do you set the gap allowed between fills for a pathway step?,In the Cohort Pathways settings,In the event cohort's exit rule,In the concept set,In Achilles,25,2
"In the ATLAS sunburst plot, grey indicates:",Patients stopped all treatment,The end of the pathway,A data error,Treatment failure,20,2
